LocationID,BRDYEAR,mean_max_depth,max_depth,mean_salinity,max_salinity,AirTemp,WaterTemp,num_egg_masses,mean_percent_sub,mean_percent_emerg,mean_percent_water,Watershed,CoastalSite,yearly_rain,interpolated_canopy,water_flow,water_regime
AC01,2023,0.6,0.6,0,0,NA,NA,0,64,35,1,Audubon Canyon,FALSE,52.63,NA,lentic,seasonal
AC02,2023,0.44,0.88,0,0,NA,NA,0,5,57.5,37.5,Garden Club Canyon,FALSE,52.63,NA,lentic,seasonal
EC01,2021,0.25,0.25,0,0,12,NA,0,45,50,5,Easkoot Creek,FALSE,13.48,NA,lentic,perennial
KC01,2013,0.7388461538461538,0.85,0,0,17.45,10.666666666666666,26,10,60,30,Kanoff Creek,FALSE,26.13,0,lentic,seasonal
KC01,2015,0.7355555555555555,0.8,0,0,20.71875,12.933333333333334,43,1.0666666666666667,32.55555555555556,27.933333333333334,Kanoff Creek,FALSE,27.67,0,lentic,seasonal
KC01,2016,0.6582758620689655,0.72,0,0,14.251724137931035,5.904761904761905,29,NA,NA,NA,Kanoff Creek,FALSE,29.78,0,lentic,seasonal
KC01,2017,0.7308333333333333,0.81,0,0,14.427777777777777,11.277777777777777,34,4.638888888888889,83.16666666666667,12.194444444444445,Kanoff Creek,FALSE,56.51,0,lentic,seasonal
KC01,2018,0.7061538461538461,0.85,0,0,18.705555555555556,13.286516853932584,88,7.087912087912088,70,22.912087912087912,Kanoff Creek,FALSE,24.45,0,lentic,seasonal
KC01,2019,0.7127777777777777,0.73,0,0,16.591666666666665,9.284285714285714,39,1.3333333333333333,73.66666666666667,25,Kanoff Creek,FALSE,48.7,0,lentic,seasonal
KC01,2020,0.4660714285714286,0.55,0,0,16.405128205128204,11.1,43,1.0263157894736843,90,8.973684210526315,Kanoff Creek,FALSE,22.94,0,lentic,seasonal
KC01,2021,0.4325,0.55,0,0,14.465714285714286,11.382352941176471,32,0,30.333333333333332,69.66666666666667,Kanoff Creek,FALSE,13.48,0,lentic,seasonal
KC01,2022,0.4593103448275862,0.55,0,0,13.148275862068965,10.310344827586206,28,0,26.666666666666668,73.33333333333333,Kanoff Creek,FALSE,35.68,0,lentic,seasonal
KC01,2023,0.4761111111111111,0.5,0,0,14.716666666666667,11.448571428571428,32,0,29.02777777777778,70.97222222222223,Kanoff Creek,FALSE,52.63,0,lentic,seasonal
KC02,2013,0.54,0.65,0,0,17.1,14,1,0,30,70,Kanoff Creek,FALSE,26.13,20,both,seasonal
KC02,2015,0.646,0.75,0,0,19.36,17.475,0,0,9.285714285714286,90.71428571428571,Kanoff Creek,FALSE,27.67,26,both,seasonal
KC02,2016,0.658,0.75,0,0,16.1,11.666666666666666,0,NA,NA,NA,Kanoff Creek,FALSE,29.78,29,both,seasonal
KC02,2017,0.6575,0.77,0,0,15.7425,12.383333333333333,2,3.272727272727273,20.454545454545453,76.27272727272727,Kanoff Creek,FALSE,56.51,32,both,seasonal
KC02,2018,0.5642857142857143,0.81,0,0,16.87142857142857,14.333333333333334,0,3.857142857142857,12.714285714285714,83.42857142857143,Kanoff Creek,FALSE,24.45,35,both,seasonal
KC02,2019,0.41,0.6,0,0,16.433333333333334,8.8,1,1.6666666666666667,38.333333333333336,60,Kanoff Creek,FALSE,48.7,38,both,seasonal
KC02,2020,0.3983333333333333,0.5,0,0,18.7,15.183333333333334,0,0,20,80,Kanoff Creek,FALSE,22.94,41,both,seasonal
KC02,2021,0.28250000000000003,0.4,0,0,16.95,15,0,0,12.5,87.5,Kanoff Creek,FALSE,13.48,44,both,seasonal
KC02,2022,0.39,0.54,0,0,16.31111111111111,12.555555555555555,0,0,4,96,Kanoff Creek,FALSE,35.68,47,both,seasonal
KC02,2023,0.3511111111111111,0.5,0,0,14.988888888888889,11.433333333333334,0,0,3.888888888888889,96.11111111111111,Kanoff Creek,FALSE,52.63,50,both,seasonal
KC03,2015,0.162,0.22,0,0,17,18.733333333333334,0,0,49,51,Kanoff Creek,FALSE,27.67,0,lentic,seasonal
KC03,2016,0.134,0.23,0,0,14.7,13.333333333333334,0,NA,NA,NA,Kanoff Creek,FALSE,29.78,0,lentic,seasonal
KC03,2017,0.23307692307692307,0.33,0,0,15.276923076923078,12.376923076923077,6,6.230769230769231,83.61538461538461,10.153846153846153,Kanoff Creek,FALSE,56.51,0,lentic,seasonal
KC03,2018,0.2481818181818182,0.75,0,0,17.3375,15.3125,0,14.090909090909092,54.54545454545455,31.363636363636363,Kanoff Creek,FALSE,24.45,0,lentic,seasonal
KC03,2019,0.274,0.52,0,0,16.8,12.1,0,2,58,40,Kanoff Creek,FALSE,48.7,0,lentic,seasonal
KC03,2020,0.23399999999999999,0.3,0,0,17.25,9.7,0,0,57.5,42.5,Kanoff Creek,FALSE,22.94,0,lentic,seasonal
KC03,2021,0.2,0.22,0,0,15.64,13.4,0,0,60,40,Kanoff Creek,FALSE,13.48,0,lentic,seasonal
KC03,2022,0.19222222222222224,0.28,0,0,16.91111111111111,12.88888888888889,0,0,42.44444444444444,57.55555555555556,Kanoff Creek,FALSE,35.68,0,lentic,seasonal
KC03,2023,0.2411111111111111,0.3,0,0,15.444444444444445,11.71111111111111,0,0,26.11111111111111,73.88888888888889,Kanoff Creek,FALSE,52.63,0,lentic,seasonal
KC04,2017,0.31,0.4,0,0,16.53333333333333,NA,0,NA,NA,NA,Kanoff Creek,FALSE,56.51,NA,lentic,seasonal
LS01,2010,0.7381818181818182,0.88,2,2,16.136363636363637,13,21,NA,NA,NA,Laguna Salada,TRUE,42.65,0,lentic,perennial
LS01,2020,NA,NA,NA,NA,16.60909090909091,14.07,11,NA,NA,NA,Laguna Salada,TRUE,22.94,0,lentic,perennial
LS01,2021,NA,NA,NA,NA,15.536363636363637,14.588888888888889,3,NA,NA,NA,Laguna Salada,TRUE,13.48,0,lentic,perennial
LS01,2022,NA,NA,NA,NA,14.904347826086957,12.442857142857143,2,NA,NA,NA,Laguna Salada,TRUE,35.68,0,lentic,perennial
LS01,2023,NA,NA,NA,NA,10.035,8.035,7,NA,NA,NA,Laguna Salada,TRUE,52.63,0,lentic,perennial
LS04,2010,NA,NA,NA,NA,16.75,13.333333333333334,1,NA,NA,NA,Laguna Salada,TRUE,42.65,NA,lentic,perennial
LS04,2020,NA,NA,NA,NA,15.9,NA,0,NA,NA,NA,Laguna Salada,TRUE,22.94,NA,lentic,perennial
LS04,2021,NA,NA,NA,NA,15.411111111111111,14.266666666666667,0,NA,NA,NA,Laguna Salada,TRUE,13.48,NA,lentic,perennial
LS04,2022,NA,NA,NA,NA,15.127272727272727,12.51,0,NA,NA,NA,Laguna Salada,TRUE,35.68,NA,lentic,perennial
LS04,2023,NA,NA,NA,NA,10.50625,8.30625,0,NA,NA,NA,Laguna Salada,TRUE,52.63,NA,lentic,perennial
LS05,2010,1.200909090909091,1.43,0,0,16.509090909090908,13.55,4,1.3636363636363635,44.09090909090909,54.54545454545455,Laguna Salada,FALSE,42.65,27.77777777777778,lentic,perennial
LS05,2011,1.308,1.4,0,0,15.648,9.75,1,1,59,36,Laguna Salada,FALSE,50.91,33.33333333333333,lentic,perennial
LS05,2012,1.178,1.22,0,0,16.62,NA,3,4,28,72,Laguna Salada,FALSE,28.01,38.88888888888889,lentic,perennial
LS05,2013,1.35,1.35,0,0,16.4,13.5,0,1,49,50,Laguna Salada,FALSE,26.13,44.44444444444444,lentic,perennial
LS05,2014,1.22,1.3,0,0,21.6,17.5,0,0,77.5,22.5,Laguna Salada,FALSE,22.93,50,lentic,perennial
LS05,2016,0.8966666666666667,1.26,0,0,17.725,13.875,0,0,5,95,Laguna Salada,FALSE,29.78,61.111111111111114,lentic,perennial
LS05,2017,1.1800000000000002,1.32,0,0,15.716666666666667,11.1,1,2,24,74,Laguna Salada,FALSE,56.51,66.66666666666666,lentic,perennial
LS05,2018,1.21,1.27,0,0,17.55,12.4,0,16.666666666666668,26.666666666666668,56.666666666666664,Laguna Salada,FALSE,24.45,72.22222222222221,lentic,perennial
LS05,2019,1.02,1.33,0,0,18.366666666666667,12,0,1,45,54,Laguna Salada,FALSE,48.7,77.77777777777779,lentic,perennial
LS05,2020,0.8875,1.15,0,0,16.6,15,0,6.666666666666667,25,70,Laguna Salada,FALSE,22.94,83.33333333333334,lentic,perennial
LS05,2021,0.6428571428571428,0.83,0,0,17.041999999999998,11.875,0,8,13.75,78.25,Laguna Salada,FALSE,13.48,88.88888888888889,lentic,perennial
LS05,2022,1.078,1.34,0,0,16.466666666666665,11.883333333333333,0,1.9,28.2,69.9,Laguna Salada,FALSE,35.68,94.44444444444444,lentic,perennial
LS05,2023,1.0816666666666666,1.4,0,0,11.933333333333334,7.5,0,4.166666666666667,35.833333333333336,60,Laguna Salada,FALSE,52.63,100,lentic,perennial
LS06,2010,0.9775,1.1,0,0,17.46153846153846,14.846153846153847,9,0.07692307692307693,0.6230769230769231,99.3,Laguna Salada,FALSE,42.65,5.666666666666667,lentic,seasonal
LS06,2011,1.38,1.5,0,0,15.031818181818181,10.095238095238095,21,0.45454545454545453,13.409090909090908,86.13636363636364,Laguna Salada,FALSE,50.91,6,lentic,seasonal
LS06,2012,0.715,0.84,0,0,15.725,NA,1,22.5,5,72.5,Laguna Salada,FALSE,28.01,6.333333333333333,lentic,seasonal
LS06,2013,0.945,1.14,0,0,16.12,14.25,3,0,15,85,Laguna Salada,FALSE,26.13,6.666666666666666,lentic,seasonal
LS06,2014,0.38,0.38,0,0,15.3,24.5,0,2.5,7.5,92.5,Laguna Salada,FALSE,22.93,7,lentic,seasonal
LS06,2016,1.265,1.38,0,0,16.825,15.625,0,NA,NA,NA,Laguna Salada,FALSE,29.78,7.666666666666666,lentic,seasonal
LS06,2017,1.26375,1.4,0,0,18.349999999999998,14.142857142857142,5,0,5,95,Laguna Salada,FALSE,56.51,8,lentic,seasonal
LS06,2018,1.25,1.35,0,0,17,13.066666666666666,0,3.3333333333333335,7.666666666666667,89,Laguna Salada,FALSE,24.45,8.333333333333332,lentic,seasonal
LS06,2019,0.9133333333333334,1.37,0,0,16.9,13,0,0,5.5,94.5,Laguna Salada,FALSE,48.7,8.666666666666666,lentic,seasonal
LS06,2020,0.39999999999999997,0.73,0,0,15.4,15,0,2.5,15,82.5,Laguna Salada,FALSE,22.94,9,lentic,seasonal
LS06,2021,0.018750000000000003,0.05,0,0,17.533333333333335,NA,0,0,100,0,Laguna Salada,FALSE,13.48,9.333333333333334,lentic,seasonal
LS06,2022,1.1400000000000001,1.37,0,0,17.642857142857142,14.4,4,1.875,15.625,82.5,Laguna Salada,FALSE,35.68,9.666666666666668,lentic,seasonal
LS06,2023,1.0625,1.4,0,0,13.45,9.485714285714286,9,0,39.375,60.625,Laguna Salada,FALSE,52.63,10,lentic,seasonal
LS07,2010,1.3533333333333333,1.62,0,0,16.143478260869564,13.391304347826088,17,0,4.521739130434782,95.47826086956522,Laguna Salada,FALSE,42.65,0,lentic,seasonal
LS07,2011,1.4515,1.61,0,0,15.1875,11.717948717948717,42,0,15.897435897435898,84.1025641025641,Laguna Salada,FALSE,50.91,0,lentic,seasonal
LS07,2013,1.1884615384615385,1.52,0,0,17.628205128205128,13.153846153846153,36,5,30,65,Laguna Salada,FALSE,26.13,0,lentic,seasonal
LS07,2014,0.535,0.99,0,0,15.2,22,1,5,22.5,77.5,Laguna Salada,FALSE,22.93,0,lentic,seasonal
LS07,2016,1.4355555555555555,1.57,0,0,20.833333333333332,14.61111111111111,8,NA,NA,NA,Laguna Salada,FALSE,29.78,0,lentic,seasonal
LS07,2017,1.268,1.62,0,0,12.6,10.333333333333334,2,0,8.333333333333334,91.66666666666667,Laguna Salada,FALSE,56.51,0,lentic,seasonal
LS07,2018,1.334,1.46,0,0,21.3,12.58,3,3,6,91,Laguna Salada,FALSE,24.45,0,lentic,seasonal
LS07,2019,1.1166666666666667,1.6,0,0,15.35,12,0,0,5.5,94.5,Laguna Salada,FALSE,48.7,0,lentic,seasonal
LS07,2020,0.39999999999999997,0.7,0,0,15.1,NA,3,0,30,70,Laguna Salada,FALSE,22.94,0,lentic,seasonal
LS07,2021,0.07,0.2,0,0,17.54,14.4,0,6.666666666666667,63.333333333333336,30,Laguna Salada,FALSE,13.48,0,lentic,seasonal
LS07,2022,1.2346153846153847,1.62,0,0,16.742857142857144,12.483333333333334,12,0.7142857142857143,6.142857142857143,93.14285714285714,Laguna Salada,FALSE,35.68,0,lentic,seasonal
LS07,2023,1.3735714285714287,1.63,0,0,13.492857142857142,9.799999999999999,13,0,28.571428571428573,71.42857142857143,Laguna Salada,FALSE,52.63,0,lentic,seasonal
LS08,2010,1.2593333333333334,1.68,NA,NA,17.926666666666666,12.5,10,0,11.333333333333334,88.66666666666667,Laguna Salada,TRUE,42.65,0,lentic,perennial
LS08,2011,1.1300000000000001,1.37,NA,NA,16.45925925925926,11,35,0.18518518518518517,30.555555555555557,69.25925925925925,Laguna Salada,TRUE,50.91,0,lentic,perennial
LS08,2012,1.25,1.25,NA,NA,17.945454545454545,NA,10,0,25,75,Laguna Salada,TRUE,28.01,0,lentic,perennial
LS08,2013,1.35,1.35,NA,NA,16.314285714285713,14,5,2,43,55,Laguna Salada,TRUE,26.13,0,lentic,perennial
LS08,2014,0.96,0.96,NA,NA,19.3,19.5,0,2.5,27.5,72.5,Laguna Salada,TRUE,22.93,0,lentic,perennial
LS08,2016,1.3228571428571427,1.7,NA,NA,21.74,14.38,4,NA,NA,NA,Laguna Salada,TRUE,29.78,0,lentic,perennial
LS08,2017,1.737,1.74,NA,NA,13.76,10.955555555555556,7,1.4444444444444444,31.11111111111111,67.44444444444444,Laguna Salada,TRUE,56.51,0,lentic,perennial
LS08,2018,1.4025,1.71,0,0,17.225,13,5,13.75,36.25,50,Laguna Salada,TRUE,24.45,0,lentic,perennial
LS08,2019,1.42,1.75,NA,NA,17.333333333333332,NA,1,2.5,55,42.5,Laguna Salada,TRUE,48.7,0,lentic,perennial
LS08,2020,1.1925,1.4,NA,NA,16.5,14,0,2.5,57.5,40,Laguna Salada,TRUE,22.94,0,lentic,perennial
LS08,2021,0.8833333333333333,1.2,3,3,18.875,11.5,2,0,82.5,17.5,Laguna Salada,TRUE,13.48,0,lentic,perennial
LS08,2022,1.2122222222222223,1.68,NA,NA,17.92222222222222,14.7,3,1,64.5,34.5,Laguna Salada,TRUE,35.68,0,lentic,perennial
LS08,2023,1.66625,1.9,NA,NA,13.011111111111111,9.11111111111111,10,0,61.875,38.125,Laguna Salada,TRUE,52.63,0,lentic,perennial
LS09,2010,1.0057142857142858,1.2,0,0,17.45,15.275,0,0,17.857142857142858,82.14285714285714,Laguna Salada,FALSE,42.65,100,lotic,perennial
LS09,2011,1.0183333333333333,1.19,0,0,18.16,13.75,1,0,11.666666666666666,88.33333333333333,Laguna Salada,FALSE,50.91,100,lotic,perennial
LS09,2013,0.85,0.85,0,0,16.35,16,0,5,5,85,Laguna Salada,FALSE,26.13,100,lotic,perennial
LS09,2016,0.73,0.92,0,0,22.066666666666666,15.666666666666666,0,NA,NA,NA,Laguna Salada,FALSE,29.78,100,lotic,perennial
LS09,2017,0.956,0.98,0,0,17.375,14.2,0,0,0,100,Laguna Salada,FALSE,56.51,100,lotic,perennial
LS09,2018,0.815,0.9,0,0,18.433333333333334,16,0,8.333333333333334,2.6666666666666665,89,Laguna Salada,FALSE,24.45,100,lotic,perennial
LS09,2019,0.58,0.58,0,0,18.233333333333334,14,0,0,1,99,Laguna Salada,FALSE,48.7,100,lotic,perennial
LS09,2020,0.175,0.35,0,0,15,NA,0,0,5,95,Laguna Salada,FALSE,22.94,100,lotic,perennial
LS09,2021,0.4,0.4,0,0,16.625,14.733333333333334,0,0,16.666666666666668,83.33333333333333,Laguna Salada,FALSE,13.48,100,lotic,perennial
LS09,2022,0.6799999999999999,1,0,0,16.211111111111112,14.133333333333333,0,1.4285714285714286,10.714285714285714,87.85714285714286,Laguna Salada,FALSE,35.68,100,lotic,perennial
LS09,2023,0.86,1.2,0,0,10.833333333333334,12.483333333333334,0,0,27.5,72.5,Laguna Salada,FALSE,52.63,100,lotic,perennial
LS11,2010,NA,NA,NA,NA,17.866666666666667,12.153846153846153,12,NA,NA,NA,Laguna Salada,TRUE,42.65,NA,lentic,perennial
LS11,2020,NA,NA,NA,NA,15.83125,NA,0,NA,NA,NA,Laguna Salada,TRUE,22.94,NA,lentic,perennial
LS11,2021,NA,NA,NA,NA,15.411111111111111,14.6,0,NA,NA,NA,Laguna Salada,TRUE,13.48,NA,lentic,perennial
LS11,2022,NA,NA,NA,NA,15.127272727272727,12.51,0,NA,NA,NA,Laguna Salada,TRUE,35.68,NA,lentic,perennial
LS11,2023,NA,NA,NA,NA,9.84375,8.20625,2,NA,NA,NA,Laguna Salada,TRUE,52.63,NA,lentic,perennial
MC01,2010,1.1870833333333333,1.3,0,0,16.63013698630137,13.408450704225352,68,1.095890410958904,38.19178082191781,60.821917808219176,Milagra Creek,FALSE,42.65,0,lentic,seasonal
MC01,2011,1.0525925925925927,1.75,0,0,9.10377358490566,8.365384615384615,51,25.462962962962962,42.77777777777778,59.53703703703704,Milagra Creek,FALSE,50.91,0,lentic,seasonal
MC01,2013,1.064,1.12,0,0,10.426666666666668,13,14,5,60,35,Milagra Creek,FALSE,26.13,0,lentic,seasonal
MC01,2016,0.6881481481481482,1.2,0,0,19.637037037037036,13.518518518518519,67,NA,NA,NA,Milagra Creek,FALSE,29.78,0,lentic,seasonal
MC01,2017,1.09,1.3,0,0,12.558823529411764,12.058823529411764,14,10.882352941176471,21.764705882352942,67.3529411764706,Milagra Creek,FALSE,56.51,0,lentic,seasonal
MC01,2018,0.37224999999999997,0.4,0,0,19.6125,15.925,54,6.5,44.625,48.875,Milagra Creek,FALSE,24.45,0,lentic,seasonal
MC01,2019,0.6950000000000001,1.04,0,0,16.55,10,24,0,27.5,72.5,Milagra Creek,FALSE,48.7,0,lentic,seasonal
MC01,2020,0.27555555555555555,0.35,0,0,14.863934426229507,11.6,77,7.903225806451613,81.29032258064517,10.806451612903226,Milagra Creek,FALSE,22.94,0,lentic,seasonal
MC01,2021,0.05909090909090909,0.1,0,0,17.273684210526316,15.617647058823529,23,60,30,10,Milagra Creek,FALSE,13.48,0,lentic,seasonal
MC01,2022,0.94875,1.5,0,0,15.785714285714286,11.25,1,1.3333333333333333,37.77777777777778,60.888888888888886,Milagra Creek,FALSE,35.68,0,lentic,seasonal
MC01,2023,0.78,1.5,0,0,12.233333333333334,10.48,0,0.5,50.833333333333336,48.666666666666664,Milagra Creek,FALSE,52.63,0,lentic,seasonal
OL01,2020,NA,NA,0,0,15,NA,4,94,3,3,Olema Creek,FALSE,22.94,NA,lentic,perennial
OV01,2018,1.025,1.55,0,0,16.75,13.600000000000001,0,3,62.5,34.5,Oakwood Valley,FALSE,24.45,48.18181818181818,lentic,seasonal
OV01,2019,1,1,0,0,12.15,9.25,0,5,35,60,Oakwood Valley,FALSE,48.7,54.54545454545455,lentic,seasonal
OV01,2020,0.6166666666666667,0.8,0,0,13.866666666666667,7.666666666666667,0,11.666666666666666,53.333333333333336,35,Oakwood Valley,FALSE,22.94,60.909090909090914,lentic,seasonal
OV01,2023,0.4,0.5,0,0,15.5,8.2,0,2.5,85,12.5,Oakwood Valley,FALSE,52.63,80,lentic,seasonal
RC01,2010,1.0250000000000001,1.1,0,0,14.6,12,0,35,47.5,17.5,Redwood Creek,FALSE,42.65,NA,lentic,perennial
RC01,2011,0.875,1,0,0,10.666666666666666,6.9,0,NA,NA,NA,Redwood Creek,FALSE,50.91,NA,lentic,perennial
RC02,2010,0.8625,1.1,0,0,15.375,12.125,0,35,40,25,Redwood Creek,FALSE,42.65,NA,lentic,seasonal
RC03,2010,0.2833333333333333,0.4,0,0,14.1,11.666666666666666,0,0,100,0,Redwood Creek,FALSE,42.65,NA,lentic,seasonal
RC05,2010,0.2625,0.6,0,0,14.375,11.866666666666667,0,46.666666666666664,20,33.333333333333336,Redwood Creek,FALSE,42.65,NA,lentic,perennial
RC07,2010,1.2,1.2,0,0,14.75,14.025,0,5,10,85,Redwood Creek,FALSE,42.65,0,lentic,perennial
RC07,2013,0.72,0.72,0,0,13.59,10.067499999999999,40,NA,NA,NA,Redwood Creek,FALSE,26.13,0,lentic,perennial
RC07,2015,1.1065079365079364,1.65,0,0,18.475671641791045,10.996774193548386,66,0,55.46875,44.53125,Redwood Creek,FALSE,27.67,7,lentic,perennial
RC07,2016,1.2608474576271187,4.05,0,0,13.627966101694915,10.927966101694915,118,NA,NA,NA,Redwood Creek,FALSE,29.78,3.5,lentic,perennial
RC07,2017,0.508888888888889,1.24,0,0,14.588888888888889,8.037037037037036,24,0.037037037037037035,29.444444444444443,70.55555555555556,Redwood Creek,FALSE,56.51,0,lentic,perennial
RC07,2018,0.9604255319148937,1.2,0,0,20.646,10.56388888888889,100,6.64,51.06,42.3,Redwood Creek,FALSE,24.45,45,lentic,perennial
RC07,2019,1.184,1.55,0,0,10.90144927536232,8,71,12,70,18,Redwood Creek,FALSE,48.7,90,lentic,perennial
RC07,2020,1.1316666666666666,1.41,0,0,15.725862068965517,12.683720930232559,57,1.0952380952380953,29.023809523809526,69.88095238095238,Redwood Creek,FALSE,22.94,90,lentic,perennial
RC07,2021,1.4954545454545454,1.8,0,0,18.58,10.19,19,1.45,58.75,39.8,Redwood Creek,FALSE,13.48,90,lentic,perennial
RC07,2022,1.2086206896551723,2.1,0,0,14.472413793103449,8.086206896551724,32,0.6896551724137931,62.06896551724138,37.241379310344826,Redwood Creek,FALSE,35.68,92.5,lentic,perennial
RC07,2023,1.35,1.5,0,0,15.391304347826088,6.147826086956521,23,10.434782608695652,36.52173913043478,53.04347826086956,Redwood Creek,FALSE,52.63,95,lentic,perennial
RC08,2010,NA,NA,0,0,14.1,12.55,0,6.5,1,92.5,Redwood Creek,FALSE,42.65,NA,lentic,perennial
RC09,2010,NA,NA,0,0,14.850000000000001,13.1,0,0,5,95,Redwood Creek,FALSE,42.65,NA,lentic,perennial
RC10,2010,2,2,0,0,13.9,15.366666666666667,0,0,3.75,96.25,Redwood Creek,FALSE,42.65,0,lentic,seasonal
RC10,2011,1.6533333333333333,1.82,0,0,8.225,7.7,0,10,15,75,Redwood Creek,FALSE,50.91,0,lentic,seasonal
RC10,2013,1.225,1.8,0,0,13.7,12.25,2,NA,NA,NA,Redwood Creek,FALSE,26.13,0,lentic,seasonal
RC10,2014,NA,NA,0,0,NA,13.4,0,0,25,75,Redwood Creek,FALSE,22.93,5,lentic,seasonal
RC10,2015,1.49,1.49,0,0,17.259999999999998,16.05,0,22.5,37.5,40,Redwood Creek,FALSE,27.67,10,lentic,seasonal
RC10,2016,1.4122222222222223,2,0,0,18.2,11.966666666666667,2,NA,NA,NA,Redwood Creek,FALSE,29.78,17.5,lentic,seasonal
RC10,2017,1.28,1.48,0,0,14.8,11.133333333333333,4,4.222222222222222,36.44444444444444,59.333333333333336,Redwood Creek,FALSE,56.51,25,lentic,seasonal
RC10,2018,1.25,1.6,0,0,17.771428571428572,10.757142857142858,0,5.571428571428571,38.42857142857143,56,Redwood Creek,FALSE,24.45,22.5,lentic,seasonal
RC10,2019,NA,NA,0,0,10,NA,1,0,70,30,Redwood Creek,FALSE,48.7,20,lentic,seasonal
RC10,2020,1.275,1.5,0,0,17.32,9.86,1,3,68.75,28.25,Redwood Creek,FALSE,22.94,25,lentic,seasonal
RC10,2021,1.2166666666666668,2,0,0,18.8,11.825,1,4.166666666666667,84.16666666666667,11.666666666666666,Redwood Creek,FALSE,13.48,30,lentic,seasonal
RC10,2022,1.575,2,0,0,15.25,9.514285714285714,0,1.1111111111111112,70,28.88888888888889,Redwood Creek,FALSE,35.68,45,lentic,seasonal
RC10,2023,1.85,4.3,0,0,15.225,8.0125,5,10.625,69.375,20,Redwood Creek,FALSE,52.63,60,lentic,seasonal
RC11,2011,NA,NA,0,0,5.5,6.6,0,NA,NA,NA,Redwood Creek,FALSE,50.91,0,lentic,seasonal
RC11,2013,0.85,1,0,0,12.75,12.72,0,NA,NA,NA,Redwood Creek,FALSE,26.13,11.666666666666666,lentic,seasonal
RC11,2014,NA,NA,0,0,NA,14.05,0,0,15,85,Redwood Creek,FALSE,22.93,17.5,lentic,seasonal
RC11,2015,NA,NA,0,0,16.39,18.25,5,NA,NA,80,Redwood Creek,FALSE,27.67,23.333333333333332,lentic,seasonal
RC11,2016,1.2783333333333333,1.6,0,0,15.9,12.718181818181819,5,NA,NA,NA,Redwood Creek,FALSE,29.78,29.166666666666668,lentic,seasonal
RC11,2017,1.3261538461538462,1.92,0,0,15.385,12.495,15,0.55,8.4,91.1,Redwood Creek,FALSE,56.51,35,lentic,seasonal
RC11,2018,1.045,1.25,0,0,16.85,11.475,2,18.2,28.6,53.2,Redwood Creek,FALSE,24.45,40.833333333333336,lentic,seasonal
RC11,2019,NA,NA,0,0,10,11,6,0,35,65,Redwood Creek,FALSE,48.7,46.666666666666664,lentic,seasonal
RC11,2020,1.6099999999999999,2,0,0,16.5,11.76923076923077,10,3.076923076923077,10.76923076923077,86.15384615384616,Redwood Creek,FALSE,22.94,52.5,lentic,seasonal
RC11,2021,1.3416666666666668,1.8,0,0,19.933333333333334,15.860000000000001,2,5.166666666666667,15.833333333333334,79,Redwood Creek,FALSE,13.48,58.333333333333336,lentic,seasonal
RC11,2022,1.3454545454545455,1.6,0,0,15.841666666666667,10.309090909090909,9,14.615384615384615,20.76923076923077,64.61538461538461,Redwood Creek,FALSE,35.68,64.16666666666666,lentic,seasonal
RC11,2023,1.05,1.5,0,0,17.15,9.75,2,27.5,16.25,56.25,Redwood Creek,FALSE,52.63,70,lentic,seasonal
RC12,2011,1,1,0,0,7.5,6,0,NA,NA,NA,Redwood Creek,FALSE,50.91,NA,lentic,seasonal
RC13,2013,0.735,0.76,0,0,11,11.766666666666667,0,NA,NA,NA,Redwood Creek,FALSE,26.13,2.272727272727273,lentic,perennial
RC13,2014,0.96,0.96,0,0,18.2,15.5,1,15,35,50,Redwood Creek,FALSE,22.93,4.545454545454546,lentic,perennial
RC13,2015,0.83,0.88,0,0,17.22,NA,0,33,58.333333333333336,8.666666666666666,Redwood Creek,FALSE,27.67,6.8181818181818175,lentic,perennial
RC13,2016,0.80375,1.5,0,0,17.7,11.566666666666666,0,0,95,5,Redwood Creek,FALSE,29.78,9.090909090909092,lentic,perennial
RC13,2017,0.8354545454545454,0.93,0,0,16.036363636363635,11.227272727272727,5,1.2727272727272727,89.0909090909091,9.818181818181818,Redwood Creek,FALSE,56.51,11.363636363636363,lentic,perennial
RC13,2018,0.8833333333333333,1,0,0,18.68,10.975,0,0.8,71.6,27.6,Redwood Creek,FALSE,24.45,13.636363636363637,lentic,perennial
RC13,2019,0.924,0.99,0,0,NA,NA,2,0,86.66666666666667,13.333333333333334,Redwood Creek,FALSE,48.7,15.909090909090908,lentic,perennial
RC13,2020,0.85,0.9,0,0,17,10.925,0,10.4,84,5.6,Redwood Creek,FALSE,22.94,18.181818181818183,lentic,perennial
RC13,2021,1.275,1.5,0,0,19.9,11.025,0,2.25,80,17.75,Redwood Creek,FALSE,13.48,20.454545454545457,lentic,perennial
RC13,2022,0.9824999999999999,1.2,0,0,14.514285714285714,10.128571428571428,1,4,80.625,15.375,Redwood Creek,FALSE,35.68,22.727272727272727,lentic,perennial
RC13,2023,1.18,1.5,0,0,18.5,8.6,3,14,68,18,Redwood Creek,FALSE,52.63,25,lentic,perennial
RC14,2013,0.8,1,NA,NA,11.233333333333334,12,0,NA,NA,NA,Redwood Creek,TRUE,26.13,71.42857142857143,lentic,perennial
RC14,2015,NA,NA,NA,NA,17.455000000000002,17.1,2,0,20,80,Redwood Creek,TRUE,27.67,77.14285714285714,lentic,perennial
RC14,2016,1.3599999999999999,2,NA,NA,17.333333333333332,11.32857142857143,0,1,36,65,Redwood Creek,TRUE,29.78,80,lentic,perennial
RC14,2017,1.3,1.7,NA,NA,15.457142857142857,10.625,0,8.125,28.625,63.25,Redwood Creek,TRUE,56.51,82.85714285714286,lentic,perennial
RC14,2018,1.0966666666666667,1.25,4.5,9,19.3375,12.6125,1,7,10.428571428571429,82.57142857142857,Redwood Creek,TRUE,24.45,85.71428571428571,lentic,perennial
RC14,2019,NA,NA,NA,NA,NA,NA,0,5,15,80,Redwood Creek,TRUE,48.7,88.57142857142857,lentic,perennial
RC14,2020,1.1166666666666667,1.5,NA,NA,17.233333333333334,10.366666666666667,0,74.83333333333333,3.6666666666666665,21.5,Redwood Creek,TRUE,22.94,91.42857142857142,lentic,perennial
RC14,2021,1.575,1.8,NA,NA,17.775,12.25,0,56,12,32,Redwood Creek,TRUE,13.48,94.28571428571428,lentic,perennial
RC14,2022,1.4166666666666667,1.8,NA,NA,15.514285714285714,10.6625,0,3.888888888888889,11.666666666666666,84.44444444444444,Redwood Creek,TRUE,35.68,97.14285714285714,lentic,perennial
RC14,2023,1.5,2,NA,NA,16.76,9.7,0,5,17,78,Redwood Creek,TRUE,52.63,100,lentic,perennial
RC15,2015,NA,NA,0,0,NA,NA,0,0,85,15,Redwood Creek,FALSE,27.67,6.8181818181818175,lentic,seasonal
RC15,2016,0.45666666666666667,1.5,0,0,18.508,12.242857142857142,1,2.5,90,7.5,Redwood Creek,FALSE,29.78,9.090909090909092,lentic,seasonal
RC15,2017,0.5384615384615384,0.7,0,0,16.558333333333334,11.461538461538462,8,0.23076923076923078,93.38461538461539,6.538461538461538,Redwood Creek,FALSE,56.51,11.363636363636363,lentic,seasonal
RC15,2018,0.505,0.6,0,0,24.733333333333334,12.4,4,17.428571428571427,66.14285714285714,16.428571428571427,Redwood Creek,FALSE,24.45,13.636363636363637,lentic,seasonal
RC15,2019,NA,NA,0,0,NA,NA,2,0,96.33333333333333,3.6666666666666665,Redwood Creek,FALSE,48.7,15.909090909090908,lentic,seasonal
RC15,2020,0.21250000000000002,0.25,0,0,15.75,11,13,3.2,90.6,6.2,Redwood Creek,FALSE,22.94,18.181818181818183,lentic,seasonal
RC15,2021,0.35750000000000004,0.4,0,0,18.6,10.42,0,0.4,91.8,7.8,Redwood Creek,FALSE,13.48,20.454545454545457,lentic,seasonal
RC15,2022,0.3375,0.5,0,0,16.7125,10.424999999999999,7,0,88.33333333333333,11.666666666666666,Redwood Creek,FALSE,35.68,22.727272727272727,lentic,seasonal
RC15,2023,0.3666666666666667,1,0,0,15.138095238095238,8.290476190476191,20,0.47619047619047616,85.23809523809524,14.285714285714286,Redwood Creek,FALSE,52.63,25,lentic,seasonal
RC16,2015,NA,NA,0,0,17.39333333333333,NA,0,NA,NA,90,Redwood Creek,FALSE,27.67,NA,lentic,seasonal
RC16,2016,0.3375,0.45,0,0,19.833333333333332,12.375,0,NA,NA,NA,Redwood Creek,FALSE,29.78,NA,lentic,seasonal
RC16,2017,0.4885714285714286,0.65,0,0,14.942857142857143,9.857142857142858,0,3.4285714285714284,9.714285714285714,86.85714285714286,Redwood Creek,FALSE,56.51,NA,lentic,seasonal
RC17,2020,0.17333333333333334,0.25,0,0,16.566666666666666,12.9,0,36.666666666666664,18.333333333333332,45,Redwood Creek,FALSE,22.94,81.42857142857143,both,seasonal
RC17,2022,0.41666666666666663,0.6,0,0,18.766666666666666,10.133333333333333,0,0,64,36,Redwood Creek,FALSE,35.68,90.47619047619048,both,seasonal
RC18,2017,0.4,0.5,0,0,15.916666666666668,12.5,0,24.5,18,57.5,Redwood Creek,FALSE,56.51,NA,lentic,perennial
RC19,2015,NA,NA,0,0,19.2,NA,0,15,0,82.5,Redwood Creek,FALSE,27.67,NA,lentic,seasonal
RC20,2015,NA,NA,NA,NA,16.39,NA,21,60,NA,NA,Redwood Creek,TRUE,27.67,0,both,perennial
RC20,2016,0.675,0.75,NA,NA,14.033333333333333,10.45,0,0,20,80,Redwood Creek,TRUE,29.78,0,both,perennial
RC20,2017,0.42666666666666664,0.96,NA,NA,16.22,12.34,8,0.5333333333333333,69.66666666666667,29.8,Redwood Creek,TRUE,56.51,0,both,perennial
RC20,2018,0.3618181818181818,1,0.6,3,20.318181818181817,13.58,6,1.9,21.9,76.2,Redwood Creek,TRUE,24.45,0,both,perennial
RC20,2019,0.530952380952381,0.6,0,0,11,NA,24,NA,NA,NA,Redwood Creek,TRUE,48.7,0,both,perennial
RC20,2020,0.8939130434782608,1.3,5,5,17.241666666666667,13.154166666666667,17,0.125,37.041666666666664,62.833333333333336,Redwood Creek,TRUE,22.94,0,both,perennial
RC20,2021,1.510909090909091,2,0,0,19.472727272727273,12.629090909090909,62,1.6,64.30909090909091,34.09090909090909,Redwood Creek,TRUE,13.48,0,both,perennial
RC20,2022,0.8159259259259259,1,0,0,13.124324324324323,11.267567567567568,42,0.6578947368421053,30.263157894736842,69.07894736842105,Redwood Creek,TRUE,35.68,0,both,perennial
RC20,2023,0.5108695652173912,0.7,0.08333333333333333,2,15.995833333333334,12.154166666666667,24,9.583333333333334,65,25.416666666666668,Redwood Creek,TRUE,52.63,0,both,perennial
RC23,2017,0.2,0.25,0,0,15.475,10,0,6,83.25,10.75,Redwood Creek,FALSE,56.51,NA,lentic,seasonal
RC24,2017,0.18,0.18,0,0,15.933333333333334,11,3,8,67,25,Redwood Creek,FALSE,56.51,0,lentic,seasonal
RC24,2018,0.22499999999999998,0.3,0,0,NA,NA,0,22.5,62.5,15,Redwood Creek,FALSE,24.45,2.833333333333333,lentic,seasonal
RC24,2020,0.11,0.2,0,0,16.266666666666666,11,0,2.5,84.75,12.75,Redwood Creek,FALSE,22.94,8.5,lentic,seasonal
RC24,2021,0,0,0,0,NA,NA,0,NA,NA,NA,Redwood Creek,FALSE,13.48,11.333333333333332,lentic,seasonal
RC24,2022,0.21666666666666667,0.3,0,0,15.166666666666666,10.533333333333333,0,0,86.66666666666667,13.333333333333334,Redwood Creek,FALSE,35.68,14.166666666666668,lentic,seasonal
RC24,2023,0.3,0.4,0,0,15.775,10.425,1,37.5,50,12.5,Redwood Creek,FALSE,52.63,17,lentic,seasonal
RC25,2017,0.2605882352941177,0.27,0,0,13.629411764705882,13.470588235294118,23,2.6470588235294117,65.88235294117646,31.470588235294116,Redwood Creek,FALSE,56.51,10.714285714285715,lentic,seasonal
RC25,2020,0.25,0.3,0,0,14.37,10.7,9,3.3333333333333335,81.33333333333333,15.333333333333334,Redwood Creek,FALSE,22.94,12.857142857142856,lentic,seasonal
RC25,2022,0.24166666666666667,0.25,0,0,18.566666666666666,15.066666666666666,10,0,93.33333333333333,6.666666666666667,Redwood Creek,FALSE,35.68,14.285714285714285,lentic,seasonal
RC25,2023,0.32857142857142857,0.5,0,0,15.714285714285715,8.9,9,7.142857142857143,74.28571428571429,18.571428571428573,Redwood Creek,FALSE,52.63,15,lentic,seasonal
RC26,2020,NA,NA,0,0,11,NA,0,NA,NA,NA,Redwood Creek,FALSE,22.94,NA,lentic,seasonal
RC26,2022,0.2833333333333333,0.4,0,0,14.666666666666668,10.766666666666666,0,0,6.666666666666667,93.33333333333333,Redwood Creek,FALSE,35.68,NA,lentic,seasonal
RC26,2023,0.23333333333333334,0.3,0,0,16.066666666666666,9,0,6.25,3.75,90,Redwood Creek,FALSE,52.63,NA,lentic,seasonal
RL02,2010,2.4,2.5,0,0,15.759999999999998,13.639999999999999,8,30,20,50,Rodeo Lagoon,FALSE,42.65,3,lentic,perennial
RL02,2011,2.1,2.1,0,0,13.5,8.075,24,30,10,60,Rodeo Lagoon,FALSE,50.91,3.5,lentic,perennial
RL02,2013,1.2,1.2,0,0,15.883333333333333,10.65,5,NA,NA,NA,Rodeo Lagoon,FALSE,26.13,4,lentic,perennial
RL02,2014,NA,NA,0,0,NA,NA,0,15,15,60,Rodeo Lagoon,FALSE,22.93,4,lentic,perennial
RL02,2015,NA,NA,0,0,18.864,12.75,22,12.5,27.5,60,Rodeo Lagoon,FALSE,27.67,4,lentic,perennial
RL02,2016,0.9,0.91,0,0,16.8,11.588888888888889,7,NA,NA,NA,Rodeo Lagoon,FALSE,29.78,4,lentic,perennial
RL02,2017,0.4375,1.3,0,0,14.991891891891893,12.197297297297297,38,12.727272727272727,9.090909090909092,78.18181818181819,Rodeo Lagoon,FALSE,56.51,4,lentic,perennial
RL02,2018,0.6068518518518519,1.5,0,0,16.646875,11.628571428571428,166,50.853658536585364,15.487804878048781,33.65853658536585,Rodeo Lagoon,FALSE,24.45,4,lentic,perennial
RL02,2019,0.93,0.93,0,0,14.872357723577235,12.404065040650407,161,66.34920634920636,12.142857142857142,21.50793650793651,Rodeo Lagoon,FALSE,48.7,7,lentic,perennial
RL02,2020,1.3,1.3,0,0,14.977319587628866,10.061688311688313,159,24.409448818897637,58.661417322834644,16.929133858267715,Rodeo Lagoon,FALSE,22.94,10,lentic,perennial
RL02,2021,NA,NA,0,0,11.299259259259259,9.245185185185186,158,35.98837209302326,34.53488372093023,29.476744186046513,Rodeo Lagoon,FALSE,13.48,10,lentic,perennial
RL02,2022,NA,NA,0,0,15.488541666666666,10.945555555555556,120,64.43478260869566,15.021739130434783,20.543478260869566,Rodeo Lagoon,FALSE,35.68,10,lentic,perennial
RL02,2023,1.48140625,2,0,0,16.636923076923075,8.7203125,72,39.23076923076923,49.46153846153846,11.307692307692308,Rodeo Lagoon,FALSE,52.63,10,lentic,perennial
RL04,2010,NA,NA,4.4,4.4,15.25,12.775,0,2.5,8.75,88.75,Rodeo Lagoon,TRUE,42.65,0,lentic,perennial
RL04,2013,0.5,0.5,NA,NA,14.5,10.5,0,NA,NA,NA,Rodeo Lagoon,TRUE,26.13,0,lentic,perennial
RL04,2017,NA,NA,3.5,5,15.75,15.7,0,5,5,90,Rodeo Lagoon,TRUE,56.51,0,lentic,perennial
RL06,2018,NA,NA,0,0,13.55,14.15,0,0,98.5,1.5,Rodeo Lagoon,FALSE,24.45,NA,lentic,seasonal
RL06,2023,NA,NA,0,0,12,9.9,0,0,100,0,Rodeo Lagoon,FALSE,52.63,NA,lentic,seasonal
RL07,2018,NA,NA,0,0,8.8,NA,0,28.333333333333332,30,41.666666666666664,Rodeo Lagoon,FALSE,24.45,NA,lentic,perennial
RL07,2019,NA,NA,0,0,NA,NA,0,48.333333333333336,15,36.666666666666664,Rodeo Lagoon,FALSE,48.7,NA,lentic,perennial
RL07,2020,NA,NA,0,0,12.5,NA,0,33.75,13.75,52.5,Rodeo Lagoon,FALSE,22.94,NA,lentic,perennial
RL07,2021,NA,NA,0,0,10,NA,0,10,0,90,Rodeo Lagoon,FALSE,13.48,NA,lentic,perennial
RL07,2022,NA,NA,0,0,12,NA,0,22.5,5,72.5,Rodeo Lagoon,FALSE,35.68,NA,lentic,perennial
RL07,2023,0.7,0.8,0,0,12.06,9.2,0,21,7,72,Rodeo Lagoon,FALSE,52.63,NA,lentic,perennial
TV02,2015,NA,NA,0,0,15.7,13.8,1,5,15,80,Tennessee Valley,FALSE,27.67,3,lentic,perennial
TV02,2016,1.2125,1.32,0,0,16.433333333333334,11.033333333333333,2,NA,NA,NA,Tennessee Valley,FALSE,29.78,3,lentic,perennial
TV02,2017,1.4033333333333333,1.43,0,0,14.38888888888889,11.533333333333333,7,13.333333333333334,10.833333333333334,75.83333333333333,Tennessee Valley,FALSE,56.51,3,lentic,perennial
TV02,2018,1.211372549019608,2,0,0,16.93541666666667,13.763829787234043,47,18.75,22.5,58.75,Tennessee Valley,FALSE,24.45,3,lentic,perennial
TV02,2019,1.257391304347826,1.46,0,0,12.660869565217391,10.610204081632654,109,29.743589743589745,57.43589743589744,12.820512820512821,Tennessee Valley,FALSE,48.7,3,lentic,perennial
TV02,2020,1.2232608695652174,1.28,0,0,13.236912751677853,9.641610738255034,156,24.318181818181817,10,65.68181818181819,Tennessee Valley,FALSE,22.94,3,lentic,perennial
TV02,2021,1.1975,1.23,0,0,12.194230769230769,9.940384615384616,101,10,19.0625,70.9375,Tennessee Valley,FALSE,13.48,3,lentic,perennial
TV02,2022,1.2634883720930232,1.28,0,0,20.718604651162792,9.234939759036145,150,47.26744186046512,24.41860465116279,28.313953488372093,Tennessee Valley,FALSE,35.68,9,lentic,perennial
TV02,2023,1.79,3,0,0,12.541379310344828,7.8068965517241375,30,19.655172413793103,47.58620689655172,32.758620689655174,Tennessee Valley,FALSE,52.63,15,lentic,perennial
TV03,2018,NA,NA,0,0,13.3,12.4,0,7.5,87.5,5,Tennessee Valley,FALSE,24.45,40.476190476190474,lentic,perennial
TV03,2021,NA,NA,0,0,14.6,11.9,0,85,7.5,7.5,Tennessee Valley,FALSE,13.48,46.19047619047619,lentic,perennial
TV03,2022,NA,NA,0,0,19,11.5,0,68.2,19,12.8,Tennessee Valley,FALSE,35.68,48.095238095238095,lentic,perennial
TV03,2023,1.4875,2,0,0,14.75,10.35,0,72.5,18.75,8.75,Tennessee Valley,FALSE,52.63,50,lentic,perennial
TV06,2017,0.4666666666666666,1.4,0,0,13.1,10.95,0,0,36.666666666666664,56.666666666666664,Tennessee Valley,TRUE,56.51,28.75,lentic,perennial
TV06,2018,1.3,1.3,5,5,14.333333333333332,10.966666666666667,0,2.5,22.5,75,Tennessee Valley,TRUE,24.45,28.125,lentic,perennial
TV06,2021,2,2,0,0,17.366666666666667,13.966666666666667,0,2.5,40,57.5,Tennessee Valley,TRUE,13.48,26.25,lentic,perennial
TV06,2022,NA,NA,0,0,19.333333333333332,10.333333333333334,1,2.5,62.5,35,Tennessee Valley,TRUE,35.68,25.625,lentic,perennial
TV06,2023,1.68,2,0,0,14.6,9.06,0,7,80,13,Tennessee Valley,TRUE,52.63,25,lentic,perennial
WG01,2010,0.275,0.3,0.1,0.1,14.7,15.775,0,13.75,15,71.25,Wilkins Gulch,TRUE,42.65,33.529411764705884,lentic,seasonal
WG01,2012,0.28,0.34,NA,NA,18,15.75,0,27.5,22.5,50,Wilkins Gulch,TRUE,28.01,32.94117647058823,lentic,seasonal
WG01,2013,0.53,0.75,2.1,2.1,16.5,15.4,0,NA,NA,NA,Wilkins Gulch,TRUE,26.13,32.64705882352941,lentic,seasonal
WG01,2015,0.395,0.5,0.1,0.1,21,16.71333333333333,0,NA,NA,70,Wilkins Gulch,TRUE,27.67,32.05882352941177,lentic,seasonal
WG01,2016,0.36666666666666664,0.7,NA,NA,21,18,0,15,30,55,Wilkins Gulch,TRUE,29.78,31.764705882352946,lentic,seasonal
WG01,2017,0.39749999999999996,0.43,0,0,13.0375,12.7,8,0,23.181818181818183,76.81818181818181,Wilkins Gulch,TRUE,56.51,31.470588235294116,lentic,seasonal
WG01,2018,0.29875,0.3,1.0869565217391304,25,18.857142857142858,16.333333333333332,22,0,20,80,Wilkins Gulch,TRUE,24.45,31.176470588235293,lentic,seasonal
WG01,2019,0.40232558139534885,0.5,0,0,17.319148936170212,14,49,0,20,80,Wilkins Gulch,TRUE,48.7,30.88235294117647,lentic,seasonal
WG01,2020,0.4156140350877193,0.44,0.5614035087719298,24,15.25925925925926,13.157894736842104,59,0,19.65909090909091,80.3409090909091,Wilkins Gulch,TRUE,22.94,30.588235294117645,lentic,seasonal
WG01,2021,0.364,0.5,3.793103448275862,14,14.607142857142858,13.964285714285714,28,4,27.833333333333332,68.16666666666667,Wilkins Gulch,TRUE,13.48,30.294117647058822,lentic,seasonal
WG01,2022,0.4646153846153846,0.5,0,0,14,14.5,70,1.1904761904761905,22.61904761904762,76.19047619047619,Wilkins Gulch,TRUE,35.68,30,lentic,seasonal
WG01,2023,0.41701492537313434,0.57,0.16417910447761194,11,6.229508196721311,11,64,0,31.19402985074627,68.80597014925372,Wilkins Gulch,TRUE,52.63,30,lentic,seasonal
WU02,2023,1.2149999999999999,1.68,0,0,10.7,7.6,5,0,0,100,West Union,FALSE,52.63,30,lentic,seasonal
