LocationID,BRDYEAR,mean_max_depth,max_depth,mean_salinity,max_salinity,AirTemp,WaterTemp,num_egg_masses,mean_percent_sub,mean_percent_emerg,mean_percent_water,Watershed,CoastalSite,yearly_rain,interpolated_canopy,water_flow,water_regime,LocationInWatershed,complete_case
KC01,2013,0.7388461538461538,0.85,0,0,17.45,10.666666666666666,26,10,60,30,Kanoff Creek,FALSE,26.13,0,lentic,seasonal,Kanoff Creek.KC01,TRUE
KC01,2015,0.7355555555555555,0.8,0,0,20.71875,12.933333333333334,43,1.0666666666666669,32.55555555555556,27.933333333333337,Kanoff Creek,FALSE,27.67,0,lentic,seasonal,Kanoff Creek.KC01,TRUE
KC01,2017,0.7308333333333333,0.81,0,0,14.427777777777775,11.277777777777777,34,4.638888888888889,83.16666666666667,12.194444444444445,Kanoff Creek,FALSE,56.51,0,lentic,seasonal,Kanoff Creek.KC01,TRUE
KC01,2018,0.7061538461538461,0.85,0,0,18.705555555555556,13.286516853932584,88,7.087912087912088,70,22.912087912087912,Kanoff Creek,FALSE,24.45,0,lentic,seasonal,Kanoff Creek.KC01,TRUE
KC01,2019,0.7127777777777777,0.73,0,0,16.591666666666665,9.284285714285714,39,1.3333333333333333,73.66666666666667,25,Kanoff Creek,FALSE,48.7,0,lentic,seasonal,Kanoff Creek.KC01,TRUE
KC01,2020,0.4660714285714286,0.55,0,0,16.405128205128204,11.1,43,1.0263157894736843,90,8.973684210526315,Kanoff Creek,FALSE,22.94,0,lentic,seasonal,Kanoff Creek.KC01,TRUE
KC01,2021,0.4325,0.55,0,0,14.465714285714286,11.382352941176473,32,0,30.333333333333332,69.66666666666667,Kanoff Creek,FALSE,13.48,0,lentic,seasonal,Kanoff Creek.KC01,TRUE
KC01,2022,0.4593103448275862,0.55,0,0,13.148275862068964,10.310344827586206,28,0,26.666666666666668,73.33333333333333,Kanoff Creek,FALSE,35.68,0,lentic,seasonal,Kanoff Creek.KC01,TRUE
KC01,2023,0.4761111111111111,0.5,0,0,14.716666666666669,11.448571428571428,32,0,29.02777777777778,70.97222222222223,Kanoff Creek,FALSE,52.63,0,lentic,seasonal,Kanoff Creek.KC01,TRUE
KC02,2013,0.54,0.65,0,0,17.1,14,1,0,30,70,Kanoff Creek,FALSE,26.13,20,both,seasonal,Kanoff Creek.KC02,TRUE
KC02,2015,0.646,0.75,0,0,19.36,17.475,0,0,9.285714285714286,90.71428571428572,Kanoff Creek,FALSE,27.67,26,both,seasonal,Kanoff Creek.KC02,TRUE
KC02,2017,0.6575,0.77,0,0,15.7425,12.383333333333333,2,3.272727272727273,20.454545454545453,76.27272727272727,Kanoff Creek,FALSE,56.51,32,both,seasonal,Kanoff Creek.KC02,TRUE
KC02,2018,0.5642857142857143,0.81,0,0,16.87142857142857,14.333333333333334,0,3.857142857142857,12.714285714285714,83.42857142857143,Kanoff Creek,FALSE,24.45,35,both,seasonal,Kanoff Creek.KC02,TRUE
KC02,2019,0.41,0.6,0,0,16.433333333333334,8.8,1,1.6666666666666667,38.333333333333336,60,Kanoff Creek,FALSE,48.7,38,both,seasonal,Kanoff Creek.KC02,TRUE
KC02,2020,0.3983333333333333,0.5,0,0,18.7,15.183333333333334,0,0,20,80,Kanoff Creek,FALSE,22.94,41,both,seasonal,Kanoff Creek.KC02,TRUE
KC02,2021,0.28250000000000003,0.4,0,0,16.95,15,0,0,12.5,87.5,Kanoff Creek,FALSE,13.48,44,both,seasonal,Kanoff Creek.KC02,TRUE
KC02,2022,0.39,0.54,0,0,16.31111111111111,12.555555555555555,0,0,4,96,Kanoff Creek,FALSE,35.68,47,both,seasonal,Kanoff Creek.KC02,TRUE
KC02,2023,0.3511111111111111,0.5,0,0,14.988888888888887,11.433333333333334,0,0,3.888888888888889,96.11111111111111,Kanoff Creek,FALSE,52.63,50,both,seasonal,Kanoff Creek.KC02,TRUE
KC03,2015,0.162,0.22,0,0,17,18.733333333333334,0,0,49,51,Kanoff Creek,FALSE,27.67,0,lentic,seasonal,Kanoff Creek.KC03,TRUE
KC03,2017,0.23307692307692307,0.33,0,0,15.276923076923078,12.376923076923076,6,6.230769230769231,83.61538461538461,10.153846153846152,Kanoff Creek,FALSE,56.51,0,lentic,seasonal,Kanoff Creek.KC03,TRUE
KC03,2018,0.2481818181818182,0.75,0,0,17.3375,15.3125,0,14.090909090909092,54.54545454545455,31.363636363636363,Kanoff Creek,FALSE,24.45,0,lentic,seasonal,Kanoff Creek.KC03,TRUE
KC03,2019,0.274,0.52,0,0,16.8,12.1,0,2,58,40,Kanoff Creek,FALSE,48.7,0,lentic,seasonal,Kanoff Creek.KC03,TRUE
KC03,2020,0.234,0.3,0,0,17.25,9.7,0,0,57.5,42.5,Kanoff Creek,FALSE,22.94,0,lentic,seasonal,Kanoff Creek.KC03,TRUE
KC03,2021,0.2,0.22,0,0,15.64,13.4,0,0,60,40,Kanoff Creek,FALSE,13.48,0,lentic,seasonal,Kanoff Creek.KC03,TRUE
KC03,2022,0.19222222222222224,0.28,0,0,16.91111111111111,12.88888888888889,0,0,42.44444444444444,57.55555555555556,Kanoff Creek,FALSE,35.68,0,lentic,seasonal,Kanoff Creek.KC03,TRUE
KC03,2023,0.2411111111111111,0.3,0,0,15.444444444444445,11.71111111111111,0,0,26.11111111111111,73.88888888888889,Kanoff Creek,FALSE,52.63,0,lentic,seasonal,Kanoff Creek.KC03,TRUE
LS05,2010,1.200909090909091,1.43,0,0,16.509090909090908,13.55,4,1.3636363636363635,44.09090909090909,54.54545454545455,Laguna Salada,FALSE,42.65,27.77777777777778,lentic,perennial,Laguna Salada.LS05,TRUE
LS05,2011,1.308,1.4,0,0,15.648,9.75,1,1,59,36,Laguna Salada,FALSE,50.91,33.33333333333333,lentic,perennial,Laguna Salada.LS05,TRUE
LS05,2013,1.35,1.35,0,0,16.4,13.5,0,1,49,50,Laguna Salada,FALSE,26.13,44.44444444444444,lentic,perennial,Laguna Salada.LS05,TRUE
LS05,2014,1.22,1.3,0,0,21.6,17.5,0,0,77.5,22.5,Laguna Salada,FALSE,22.93,50,lentic,perennial,Laguna Salada.LS05,TRUE
LS05,2016,0.8966666666666667,1.26,0,0,17.725,13.875,0,0,5,95,Laguna Salada,FALSE,29.78,61.111111111111114,lentic,perennial,Laguna Salada.LS05,TRUE
LS05,2017,1.1800000000000002,1.32,0,0,15.716666666666669,11.1,1,2,24,74,Laguna Salada,FALSE,56.51,66.66666666666666,lentic,perennial,Laguna Salada.LS05,TRUE
LS05,2018,1.21,1.27,0,0,17.55,12.4,0,16.666666666666668,26.666666666666668,56.666666666666664,Laguna Salada,FALSE,24.45,72.22222222222221,lentic,perennial,Laguna Salada.LS05,TRUE
LS05,2019,1.02,1.33,0,0,18.366666666666667,12,0,1,45,54,Laguna Salada,FALSE,48.7,77.77777777777779,lentic,perennial,Laguna Salada.LS05,TRUE
LS05,2020,0.8875,1.15,0,0,16.6,15,0,6.666666666666667,25,70,Laguna Salada,FALSE,22.94,83.33333333333334,lentic,perennial,Laguna Salada.LS05,TRUE
LS05,2021,0.6428571428571428,0.83,0,0,17.041999999999998,11.875,0,8,13.75,78.25,Laguna Salada,FALSE,13.48,88.88888888888889,lentic,perennial,Laguna Salada.LS05,TRUE
LS05,2022,1.078,1.34,0,0,16.466666666666665,11.883333333333333,0,1.9,28.2,69.9,Laguna Salada,FALSE,35.68,94.44444444444444,lentic,perennial,Laguna Salada.LS05,TRUE
LS05,2023,1.0816666666666666,1.4,0,0,11.933333333333334,7.5,0,4.166666666666667,35.833333333333336,60,Laguna Salada,FALSE,52.63,100,lentic,perennial,Laguna Salada.LS05,TRUE
LS06,2010,0.9775,1.1,0,0,17.46153846153846,14.846153846153848,9,0.07692307692307693,0.6230769230769231,99.3,Laguna Salada,FALSE,42.65,5.666666666666667,lentic,seasonal,Laguna Salada.LS06,TRUE
LS06,2011,1.38,1.5,0,0,15.03181818181818,10.095238095238097,21,0.4545454545454546,13.409090909090908,86.13636363636364,Laguna Salada,FALSE,50.91,6,lentic,seasonal,Laguna Salada.LS06,TRUE
LS06,2013,0.945,1.14,0,0,16.12,14.25,3,0,15,85,Laguna Salada,FALSE,26.13,6.666666666666666,lentic,seasonal,Laguna Salada.LS06,TRUE
LS06,2014,0.38,0.38,0,0,15.3,24.5,0,2.5,7.5,92.5,Laguna Salada,FALSE,22.93,7,lentic,seasonal,Laguna Salada.LS06,TRUE
LS06,2017,1.26375,1.4,0,0,18.35,14.142857142857142,5,0,5,95,Laguna Salada,FALSE,56.51,8,lentic,seasonal,Laguna Salada.LS06,TRUE
LS06,2018,1.25,1.35,0,0,17,13.066666666666666,0,3.3333333333333335,7.666666666666667,89,Laguna Salada,FALSE,24.45,8.333333333333332,lentic,seasonal,Laguna Salada.LS06,TRUE
LS06,2019,0.9133333333333334,1.37,0,0,16.9,13,0,0,5.5,94.5,Laguna Salada,FALSE,48.7,8.666666666666666,lentic,seasonal,Laguna Salada.LS06,TRUE
LS06,2020,0.4,0.73,0,0,15.4,15,0,2.5,15,82.5,Laguna Salada,FALSE,22.94,9,lentic,seasonal,Laguna Salada.LS06,TRUE
LS06,2022,1.14,1.37,0,0,17.642857142857142,14.4,4,1.875,15.625,82.5,Laguna Salada,FALSE,35.68,9.666666666666668,lentic,seasonal,Laguna Salada.LS06,TRUE
LS06,2023,1.0625,1.4,0,0,13.45,9.485714285714286,9,0,39.375,60.625,Laguna Salada,FALSE,52.63,10,lentic,seasonal,Laguna Salada.LS06,TRUE
LS07,2010,1.3533333333333333,1.62,0,0,16.143478260869564,13.391304347826088,17,0,4.521739130434782,95.47826086956522,Laguna Salada,FALSE,42.65,0,lentic,seasonal,Laguna Salada.LS07,TRUE
LS07,2011,1.4515,1.61,0,0,15.1875,11.717948717948715,42,0,15.897435897435898,84.1025641025641,Laguna Salada,FALSE,50.91,0,lentic,seasonal,Laguna Salada.LS07,TRUE
LS07,2013,1.1884615384615385,1.52,0,0,17.628205128205128,13.153846153846152,36,5,30,65,Laguna Salada,FALSE,26.13,0,lentic,seasonal,Laguna Salada.LS07,TRUE
LS07,2014,0.535,0.99,0,0,15.2,22,1,5,22.5,77.5,Laguna Salada,FALSE,22.93,0,lentic,seasonal,Laguna Salada.LS07,TRUE
LS07,2017,1.268,1.62,0,0,12.6,10.333333333333334,2,0,8.333333333333334,91.66666666666669,Laguna Salada,FALSE,56.51,0,lentic,seasonal,Laguna Salada.LS07,TRUE
LS07,2018,1.334,1.46,0,0,21.3,12.58,3,3,6,91,Laguna Salada,FALSE,24.45,0,lentic,seasonal,Laguna Salada.LS07,TRUE
LS07,2019,1.1166666666666667,1.6,0,0,15.35,12,0,0,5.5,94.5,Laguna Salada,FALSE,48.7,0,lentic,seasonal,Laguna Salada.LS07,TRUE
LS07,2021,0.07,0.2,0,0,17.54,14.4,0,6.666666666666667,63.333333333333336,30,Laguna Salada,FALSE,13.48,0,lentic,seasonal,Laguna Salada.LS07,TRUE
LS07,2022,1.234615384615385,1.62,0,0,16.742857142857144,12.483333333333334,12,0.7142857142857143,6.142857142857143,93.14285714285714,Laguna Salada,FALSE,35.68,0,lentic,seasonal,Laguna Salada.LS07,TRUE
LS07,2023,1.3735714285714289,1.63,0,0,13.492857142857142,9.8,13,0,28.571428571428573,71.42857142857143,Laguna Salada,FALSE,52.63,0,lentic,seasonal,Laguna Salada.LS07,TRUE
LS08,2018,1.4025,1.71,0,0,17.225,13,5,13.75,36.25,50,Laguna Salada,TRUE,24.45,0,lentic,perennial,Laguna Salada.LS08,TRUE
LS08,2021,0.8833333333333333,1.2,3,3,18.875,11.5,2,0,82.5,17.5,Laguna Salada,TRUE,13.48,0,lentic,perennial,Laguna Salada.LS08,TRUE
LS09,2010,1.0057142857142858,1.2,0,0,17.45,15.275,0,0,17.857142857142858,82.14285714285714,Laguna Salada,FALSE,42.65,100,lotic,perennial,Laguna Salada.LS09,TRUE
LS09,2011,1.018333333333333,1.19,0,0,18.16,13.75,1,0,11.666666666666666,88.33333333333333,Laguna Salada,FALSE,50.91,100,lotic,perennial,Laguna Salada.LS09,TRUE
LS09,2013,0.85,0.85,0,0,16.35,16,0,5,5,85,Laguna Salada,FALSE,26.13,100,lotic,perennial,Laguna Salada.LS09,TRUE
LS09,2017,0.956,0.98,0,0,17.375,14.2,0,0,0,100,Laguna Salada,FALSE,56.51,100,lotic,perennial,Laguna Salada.LS09,TRUE
LS09,2018,0.815,0.9,0,0,18.433333333333337,16,0,8.333333333333334,2.6666666666666665,89,Laguna Salada,FALSE,24.45,100,lotic,perennial,Laguna Salada.LS09,TRUE
LS09,2019,0.58,0.58,0,0,18.233333333333334,14,0,0,1,99,Laguna Salada,FALSE,48.7,100,lotic,perennial,Laguna Salada.LS09,TRUE
LS09,2021,0.4,0.4,0,0,16.625,14.733333333333334,0,0,16.666666666666668,83.33333333333333,Laguna Salada,FALSE,13.48,100,lotic,perennial,Laguna Salada.LS09,TRUE
LS09,2022,0.6799999999999999,1,0,0,16.211111111111112,14.133333333333333,0,1.4285714285714286,10.714285714285714,87.85714285714286,Laguna Salada,FALSE,35.68,100,lotic,perennial,Laguna Salada.LS09,TRUE
LS09,2023,0.86,1.2,0,0,10.833333333333334,12.483333333333334,0,0,27.5,72.5,Laguna Salada,FALSE,52.63,100,lotic,perennial,Laguna Salada.LS09,TRUE
MC01,2010,1.1870833333333333,1.3,0,0,16.63013698630137,13.408450704225352,68,1.095890410958904,38.19178082191781,60.821917808219176,Milagra Creek,FALSE,42.65,0,lentic,seasonal,Milagra Creek.MC01,TRUE
MC01,2011,1.0525925925925927,1.75,0,0,9.10377358490566,8.365384615384615,51,25.46296296296296,42.77777777777778,59.53703703703704,Milagra Creek,FALSE,50.91,0,lentic,seasonal,Milagra Creek.MC01,TRUE
MC01,2013,1.064,1.12,0,0,10.426666666666668,13,14,5,60,35,Milagra Creek,FALSE,26.13,0,lentic,seasonal,Milagra Creek.MC01,TRUE
MC01,2017,1.09,1.3,0,0,12.558823529411764,12.058823529411764,14,10.882352941176473,21.764705882352946,67.3529411764706,Milagra Creek,FALSE,56.51,0,lentic,seasonal,Milagra Creek.MC01,TRUE
MC01,2018,0.37225,0.4,0,0,19.6125,15.925,54,6.5,44.625,48.875,Milagra Creek,FALSE,24.45,0,lentic,seasonal,Milagra Creek.MC01,TRUE
MC01,2019,0.6950000000000001,1.04,0,0,16.55,10,24,0,27.5,72.5,Milagra Creek,FALSE,48.7,0,lentic,seasonal,Milagra Creek.MC01,TRUE
MC01,2020,0.27555555555555555,0.35,0,0,14.863934426229507,11.6,77,7.903225806451613,81.29032258064517,10.806451612903226,Milagra Creek,FALSE,22.94,0,lentic,seasonal,Milagra Creek.MC01,TRUE
MC01,2021,0.05909090909090909,0.1,0,0,17.273684210526316,15.617647058823527,23,60,30,10,Milagra Creek,FALSE,13.48,0,lentic,seasonal,Milagra Creek.MC01,TRUE
MC01,2022,0.94875,1.5,0,0,15.785714285714286,11.25,1,1.3333333333333333,37.77777777777778,60.888888888888886,Milagra Creek,FALSE,35.68,0,lentic,seasonal,Milagra Creek.MC01,TRUE
MC01,2023,0.78,1.5,0,0,12.233333333333334,10.48,0,0.5,50.833333333333336,48.666666666666664,Milagra Creek,FALSE,52.63,0,lentic,seasonal,Milagra Creek.MC01,TRUE
OV01,2018,1.025,1.55,0,0,16.75,13.6,0,3,62.5,34.5,Oakwood Valley,FALSE,24.45,48.18181818181818,lentic,seasonal,Oakwood Valley.OV01,TRUE
OV01,2019,1,1,0,0,12.15,9.25,0,5,35,60,Oakwood Valley,FALSE,48.7,54.54545454545455,lentic,seasonal,Oakwood Valley.OV01,TRUE
OV01,2020,0.6166666666666667,0.8,0,0,13.866666666666667,7.666666666666667,0,11.666666666666666,53.333333333333336,35,Oakwood Valley,FALSE,22.94,60.909090909090914,lentic,seasonal,Oakwood Valley.OV01,TRUE
OV01,2023,0.4,0.5,0,0,15.5,8.2,0,2.5,85,12.5,Oakwood Valley,FALSE,52.63,80,lentic,seasonal,Oakwood Valley.OV01,TRUE
RC07,2010,1.2,1.2,0,0,14.75,14.025,0,5,10,85,Redwood Creek,FALSE,42.65,0,lentic,perennial,Redwood Creek.RC07,TRUE
RC07,2015,1.1065079365079364,1.65,0,0,18.475671641791045,10.996774193548386,66,0,55.46875,44.53125,Redwood Creek,FALSE,27.67,7,lentic,perennial,Redwood Creek.RC07,TRUE
RC07,2017,0.508888888888889,1.24,0,0,14.588888888888889,8.037037037037036,24,0.03703703703703703,29.444444444444443,70.55555555555556,Redwood Creek,FALSE,56.51,0,lentic,perennial,Redwood Creek.RC07,TRUE
RC07,2018,0.9604255319148935,1.2,0,0,20.646,10.56388888888889,100,6.64,51.06,42.3,Redwood Creek,FALSE,24.45,45,lentic,perennial,Redwood Creek.RC07,TRUE
RC07,2019,1.184,1.55,0,0,10.90144927536232,8,71,12,70,18,Redwood Creek,FALSE,48.7,90,lentic,perennial,Redwood Creek.RC07,TRUE
RC07,2020,1.1316666666666666,1.41,0,0,15.725862068965515,12.68372093023256,57,1.0952380952380951,29.02380952380953,69.88095238095238,Redwood Creek,FALSE,22.94,90,lentic,perennial,Redwood Creek.RC07,TRUE
RC07,2021,1.4954545454545454,1.8,0,0,18.58,10.19,19,1.45,58.75,39.8,Redwood Creek,FALSE,13.48,90,lentic,perennial,Redwood Creek.RC07,TRUE
RC07,2022,1.2086206896551723,2.1,0,0,14.472413793103447,8.086206896551724,32,0.6896551724137931,62.06896551724138,37.241379310344826,Redwood Creek,FALSE,35.68,92.5,lentic,perennial,Redwood Creek.RC07,TRUE
RC07,2023,1.35,1.5,0,0,15.391304347826088,6.147826086956521,23,10.434782608695652,36.52173913043478,53.04347826086956,Redwood Creek,FALSE,52.63,95,lentic,perennial,Redwood Creek.RC07,TRUE
RC10,2010,2,2,0,0,13.9,15.366666666666667,0,0,3.75,96.25,Redwood Creek,FALSE,42.65,0,lentic,seasonal,Redwood Creek.RC10,TRUE
RC10,2011,1.653333333333333,1.82,0,0,8.225,7.7,0,10,15,75,Redwood Creek,FALSE,50.91,0,lentic,seasonal,Redwood Creek.RC10,TRUE
RC10,2015,1.49,1.49,0,0,17.259999999999998,16.05,0,22.5,37.5,40,Redwood Creek,FALSE,27.67,10,lentic,seasonal,Redwood Creek.RC10,TRUE
RC10,2017,1.28,1.48,0,0,14.8,11.133333333333333,4,4.222222222222222,36.44444444444444,59.333333333333336,Redwood Creek,FALSE,56.51,25,lentic,seasonal,Redwood Creek.RC10,TRUE
RC10,2018,1.25,1.6,0,0,17.771428571428572,10.757142857142858,0,5.571428571428571,38.42857142857143,56,Redwood Creek,FALSE,24.45,22.5,lentic,seasonal,Redwood Creek.RC10,TRUE
RC10,2020,1.275,1.5,0,0,17.32,9.86,1,3,68.75,28.25,Redwood Creek,FALSE,22.94,25,lentic,seasonal,Redwood Creek.RC10,TRUE
RC10,2021,1.2166666666666668,2,0,0,18.8,11.825,1,4.166666666666667,84.16666666666667,11.666666666666666,Redwood Creek,FALSE,13.48,30,lentic,seasonal,Redwood Creek.RC10,TRUE
RC10,2022,1.575,2,0,0,15.25,9.514285714285714,0,1.1111111111111112,70,28.88888888888889,Redwood Creek,FALSE,35.68,45,lentic,seasonal,Redwood Creek.RC10,TRUE
RC10,2023,1.85,4.3,0,0,15.225,8.0125,5,10.625,69.375,20,Redwood Creek,FALSE,52.63,60,lentic,seasonal,Redwood Creek.RC10,TRUE
RC11,2017,1.3261538461538462,1.92,0,0,15.385,12.495,15,0.55,8.4,91.1,Redwood Creek,FALSE,56.51,35,lentic,seasonal,Redwood Creek.RC11,TRUE
RC11,2018,1.045,1.25,0,0,16.85,11.475,2,18.2,28.6,53.2,Redwood Creek,FALSE,24.45,40.833333333333336,lentic,seasonal,Redwood Creek.RC11,TRUE
RC11,2020,1.61,2,0,0,16.5,11.76923076923077,10,3.076923076923077,10.76923076923077,86.15384615384616,Redwood Creek,FALSE,22.94,52.5,lentic,seasonal,Redwood Creek.RC11,TRUE
RC11,2021,1.3416666666666668,1.8,0,0,19.933333333333337,15.86,2,5.166666666666667,15.833333333333334,79,Redwood Creek,FALSE,13.48,58.333333333333336,lentic,seasonal,Redwood Creek.RC11,TRUE
RC11,2022,1.3454545454545457,1.6,0,0,15.841666666666669,10.309090909090909,9,14.615384615384617,20.76923076923077,64.61538461538461,Redwood Creek,FALSE,35.68,64.16666666666666,lentic,seasonal,Redwood Creek.RC11,TRUE
RC11,2023,1.05,1.5,0,0,17.15,9.75,2,27.5,16.25,56.25,Redwood Creek,FALSE,52.63,70,lentic,seasonal,Redwood Creek.RC11,TRUE
RC13,2014,0.96,0.96,0,0,18.2,15.5,1,15,35,50,Redwood Creek,FALSE,22.93,4.545454545454546,lentic,perennial,Redwood Creek.RC13,TRUE
RC13,2016,0.80375,1.5,0,0,17.7,11.566666666666666,0,0,95,5,Redwood Creek,FALSE,29.78,9.090909090909092,lentic,perennial,Redwood Creek.RC13,TRUE
RC13,2017,0.8354545454545454,0.93,0,0,16.036363636363635,11.227272727272728,5,1.2727272727272727,89.0909090909091,9.818181818181818,Redwood Creek,FALSE,56.51,11.363636363636363,lentic,perennial,Redwood Creek.RC13,TRUE
RC13,2018,0.8833333333333333,1,0,0,18.68,10.975,0,0.8,71.6,27.6,Redwood Creek,FALSE,24.45,13.636363636363637,lentic,perennial,Redwood Creek.RC13,TRUE
RC13,2020,0.85,0.9,0,0,17,10.925,0,10.4,84,5.6,Redwood Creek,FALSE,22.94,18.181818181818183,lentic,perennial,Redwood Creek.RC13,TRUE
RC13,2021,1.275,1.5,0,0,19.9,11.025,0,2.25,80,17.75,Redwood Creek,FALSE,13.48,20.454545454545457,lentic,perennial,Redwood Creek.RC13,TRUE
RC13,2022,0.9825,1.2,0,0,14.514285714285714,10.128571428571428,1,4,80.625,15.375,Redwood Creek,FALSE,35.68,22.727272727272727,lentic,perennial,Redwood Creek.RC13,TRUE
RC13,2023,1.18,1.5,0,0,18.5,8.6,3,14,68,18,Redwood Creek,FALSE,52.63,25,lentic,perennial,Redwood Creek.RC13,TRUE
RC14,2018,1.096666666666667,1.25,4.5,9,19.3375,12.6125,1,7,10.428571428571429,82.57142857142857,Redwood Creek,TRUE,24.45,85.71428571428571,lentic,perennial,Redwood Creek.RC14,TRUE
RC15,2016,0.45666666666666667,1.5,0,0,18.508,12.242857142857142,1,2.5,90,7.5,Redwood Creek,FALSE,29.78,9.090909090909092,lentic,seasonal,Redwood Creek.RC15,TRUE
RC15,2017,0.5384615384615384,0.7,0,0,16.558333333333334,11.461538461538462,8,0.2307692307692308,93.3846153846154,6.538461538461538,Redwood Creek,FALSE,56.51,11.363636363636363,lentic,seasonal,Redwood Creek.RC15,TRUE
RC15,2018,0.505,0.6,0,0,24.733333333333334,12.4,4,17.428571428571427,66.14285714285714,16.428571428571427,Redwood Creek,FALSE,24.45,13.636363636363637,lentic,seasonal,Redwood Creek.RC15,TRUE
RC15,2020,0.2125,0.25,0,0,15.75,11,13,3.2,90.6,6.2,Redwood Creek,FALSE,22.94,18.181818181818183,lentic,seasonal,Redwood Creek.RC15,TRUE
RC15,2021,0.35750000000000004,0.4,0,0,18.6,10.42,0,0.4,91.8,7.8,Redwood Creek,FALSE,13.48,20.454545454545457,lentic,seasonal,Redwood Creek.RC15,TRUE
RC15,2022,0.3375,0.5,0,0,16.7125,10.425,7,0,88.33333333333333,11.666666666666666,Redwood Creek,FALSE,35.68,22.727272727272727,lentic,seasonal,Redwood Creek.RC15,TRUE
RC15,2023,0.3666666666666667,1,0,0,15.138095238095238,8.290476190476191,20,0.47619047619047616,85.23809523809524,14.285714285714286,Redwood Creek,FALSE,52.63,25,lentic,seasonal,Redwood Creek.RC15,TRUE
RC17,2020,0.17333333333333334,0.25,0,0,16.566666666666666,12.9,0,36.666666666666664,18.333333333333332,45,Redwood Creek,FALSE,22.94,81.42857142857143,both,seasonal,Redwood Creek.RC17,TRUE
RC17,2022,0.41666666666666663,0.6,0,0,18.766666666666666,10.133333333333333,0,0,64,36,Redwood Creek,FALSE,35.68,90.47619047619048,both,seasonal,Redwood Creek.RC17,TRUE
RC20,2018,0.3618181818181818,1,0.6,3,20.318181818181817,13.58,6,1.9,21.9,76.2,Redwood Creek,TRUE,24.45,0,both,perennial,Redwood Creek.RC20,TRUE
RC20,2020,0.8939130434782608,1.3,5,5,17.241666666666667,13.154166666666669,17,0.125,37.041666666666664,62.833333333333336,Redwood Creek,TRUE,22.94,0,both,perennial,Redwood Creek.RC20,TRUE
RC20,2021,1.510909090909091,2,0,0,19.472727272727273,12.629090909090907,62,1.6,64.30909090909091,34.09090909090909,Redwood Creek,TRUE,13.48,0,both,perennial,Redwood Creek.RC20,TRUE
RC20,2022,0.8159259259259259,1,0,0,13.124324324324323,11.267567567567568,42,0.6578947368421053,30.26315789473684,69.07894736842105,Redwood Creek,TRUE,35.68,0,both,perennial,Redwood Creek.RC20,TRUE
RC20,2023,0.5108695652173912,0.7,0.08333333333333333,2,15.995833333333334,12.154166666666669,24,9.583333333333334,65,25.416666666666668,Redwood Creek,TRUE,52.63,0,both,perennial,Redwood Creek.RC20,TRUE
RC24,2017,0.18,0.18,0,0,15.933333333333334,11,3,8,67,25,Redwood Creek,FALSE,56.51,0,lentic,seasonal,Redwood Creek.RC24,TRUE
RC24,2020,0.11,0.2,0,0,16.266666666666666,11,0,2.5,84.75,12.75,Redwood Creek,FALSE,22.94,8.5,lentic,seasonal,Redwood Creek.RC24,TRUE
RC24,2022,0.21666666666666667,0.3,0,0,15.166666666666666,10.533333333333331,0,0,86.66666666666667,13.333333333333334,Redwood Creek,FALSE,35.68,14.166666666666668,lentic,seasonal,Redwood Creek.RC24,TRUE
RC24,2023,0.3,0.4,0,0,15.775,10.425,1,37.5,50,12.5,Redwood Creek,FALSE,52.63,17,lentic,seasonal,Redwood Creek.RC24,TRUE
RC25,2017,0.2605882352941177,0.27,0,0,13.629411764705882,13.470588235294118,23,2.6470588235294117,65.88235294117646,31.470588235294116,Redwood Creek,FALSE,56.51,10.714285714285715,lentic,seasonal,Redwood Creek.RC25,TRUE
RC25,2020,0.25,0.3,0,0,14.37,10.7,9,3.3333333333333335,81.33333333333333,15.333333333333334,Redwood Creek,FALSE,22.94,12.857142857142856,lentic,seasonal,Redwood Creek.RC25,TRUE
RC25,2022,0.24166666666666667,0.25,0,0,18.566666666666663,15.066666666666666,10,0,93.33333333333331,6.666666666666667,Redwood Creek,FALSE,35.68,14.285714285714285,lentic,seasonal,Redwood Creek.RC25,TRUE
RC25,2023,0.32857142857142857,0.5,0,0,15.714285714285715,8.9,9,7.142857142857143,74.28571428571429,18.571428571428573,Redwood Creek,FALSE,52.63,15,lentic,seasonal,Redwood Creek.RC25,TRUE
RL02,2010,2.4,2.5,0,0,15.759999999999998,13.64,8,30,20,50,Rodeo Lagoon,FALSE,42.65,3,lentic,perennial,Rodeo Lagoon.RL02,TRUE
RL02,2011,2.1,2.1,0,0,13.5,8.075,24,30,10,60,Rodeo Lagoon,FALSE,50.91,3.5,lentic,perennial,Rodeo Lagoon.RL02,TRUE
RL02,2017,0.4375,1.3,0,0,14.991891891891893,12.197297297297297,38,12.727272727272728,9.090909090909092,78.18181818181819,Rodeo Lagoon,FALSE,56.51,4,lentic,perennial,Rodeo Lagoon.RL02,TRUE
RL02,2018,0.6068518518518519,1.5,0,0,16.646875,11.628571428571428,166,50.85365853658536,15.48780487804878,33.65853658536585,Rodeo Lagoon,FALSE,24.45,4,lentic,perennial,Rodeo Lagoon.RL02,TRUE
RL02,2019,0.93,0.93,0,0,14.872357723577236,12.404065040650408,161,66.34920634920636,12.142857142857142,21.50793650793651,Rodeo Lagoon,FALSE,48.7,7,lentic,perennial,Rodeo Lagoon.RL02,TRUE
RL02,2020,1.3,1.3,0,0,14.977319587628866,10.061688311688313,159,24.409448818897637,58.66141732283464,16.929133858267715,Rodeo Lagoon,FALSE,22.94,10,lentic,perennial,Rodeo Lagoon.RL02,TRUE
RL02,2023,1.48140625,2,0,0,16.636923076923075,8.7203125,72,39.23076923076923,49.46153846153846,11.307692307692308,Rodeo Lagoon,FALSE,52.63,10,lentic,perennial,Rodeo Lagoon.RL02,TRUE
TV02,2017,1.403333333333333,1.43,0,0,14.38888888888889,11.533333333333331,7,13.333333333333334,10.833333333333334,75.83333333333333,Tennessee Valley,FALSE,56.51,3,lentic,perennial,Tennessee Valley.TV02,TRUE
TV02,2018,1.211372549019608,2,0,0,16.93541666666667,13.763829787234044,47,18.75,22.5,58.75,Tennessee Valley,FALSE,24.45,3,lentic,perennial,Tennessee Valley.TV02,TRUE
TV02,2019,1.257391304347826,1.46,0,0,12.660869565217393,10.610204081632654,109,29.743589743589745,57.43589743589744,12.82051282051282,Tennessee Valley,FALSE,48.7,3,lentic,perennial,Tennessee Valley.TV02,TRUE
TV02,2020,1.2232608695652174,1.28,0,0,13.236912751677853,9.641610738255034,156,24.318181818181817,10,65.68181818181819,Tennessee Valley,FALSE,22.94,3,lentic,perennial,Tennessee Valley.TV02,TRUE
TV02,2021,1.1975,1.23,0,0,12.194230769230767,9.940384615384616,101,10,19.0625,70.9375,Tennessee Valley,FALSE,13.48,3,lentic,perennial,Tennessee Valley.TV02,TRUE
TV02,2022,1.2634883720930232,1.28,0,0,20.718604651162792,9.234939759036145,150,47.26744186046512,24.41860465116279,28.313953488372093,Tennessee Valley,FALSE,35.68,9,lentic,perennial,Tennessee Valley.TV02,TRUE
TV02,2023,1.79,3,0,0,12.541379310344828,7.8068965517241375,30,19.655172413793103,47.58620689655172,32.758620689655174,Tennessee Valley,FALSE,52.63,15,lentic,perennial,Tennessee Valley.TV02,TRUE
TV03,2023,1.4875,2,0,0,14.75,10.35,0,72.5,18.75,8.75,Tennessee Valley,FALSE,52.63,50,lentic,perennial,Tennessee Valley.TV03,TRUE
TV06,2017,0.4666666666666666,1.4,0,0,13.1,10.95,0,0,36.666666666666664,56.666666666666664,Tennessee Valley,TRUE,56.51,28.75,lentic,perennial,Tennessee Valley.TV06,TRUE
TV06,2018,1.3,1.3,5,5,14.333333333333332,10.966666666666669,0,2.5,22.5,75,Tennessee Valley,TRUE,24.45,28.125,lentic,perennial,Tennessee Valley.TV06,TRUE
TV06,2021,2,2,0,0,17.366666666666667,13.966666666666669,0,2.5,40,57.5,Tennessee Valley,TRUE,13.48,26.25,lentic,perennial,Tennessee Valley.TV06,TRUE
TV06,2023,1.68,2,0,0,14.6,9.06,0,7,80,13,Tennessee Valley,TRUE,52.63,25,lentic,perennial,Tennessee Valley.TV06,TRUE
WG01,2010,0.275,0.3,0.1,0.1,14.7,15.775,0,13.75,15,71.25,Wilkins Gulch,TRUE,42.65,33.529411764705884,lentic,seasonal,Wilkins Gulch.WG01,TRUE
WG01,2017,0.3975,0.43,0,0,13.0375,12.7,8,0,23.181818181818183,76.81818181818181,Wilkins Gulch,TRUE,56.51,31.470588235294116,lentic,seasonal,Wilkins Gulch.WG01,TRUE
WG01,2018,0.29875,0.3,1.0869565217391304,25,18.857142857142858,16.333333333333332,22,0,20,80,Wilkins Gulch,TRUE,24.45,31.176470588235293,lentic,seasonal,Wilkins Gulch.WG01,TRUE
WG01,2019,0.40232558139534885,0.5,0,0,17.319148936170212,14,49,0,20,80,Wilkins Gulch,TRUE,48.7,30.88235294117647,lentic,seasonal,Wilkins Gulch.WG01,TRUE
WG01,2020,0.4156140350877193,0.44,0.5614035087719298,24,15.25925925925926,13.157894736842104,59,0,19.65909090909091,80.3409090909091,Wilkins Gulch,TRUE,22.94,30.588235294117645,lentic,seasonal,Wilkins Gulch.WG01,TRUE
WG01,2021,0.364,0.5,3.793103448275862,14,14.607142857142858,13.964285714285714,28,4,27.833333333333332,68.16666666666667,Wilkins Gulch,TRUE,13.48,30.294117647058822,lentic,seasonal,Wilkins Gulch.WG01,TRUE
WG01,2022,0.4646153846153846,0.5,0,0,14,14.5,70,1.1904761904761905,22.61904761904762,76.19047619047619,Wilkins Gulch,TRUE,35.68,30,lentic,seasonal,Wilkins Gulch.WG01,TRUE
WG01,2023,0.41701492537313434,0.57,0.16417910447761194,11,6.229508196721311,11,64,0,31.19402985074627,68.80597014925372,Wilkins Gulch,TRUE,52.63,30,lentic,seasonal,Wilkins Gulch.WG01,TRUE
WU02,2023,1.215,1.68,0,0,10.7,7.6,5,0,0,100,West Union,FALSE,52.63,30,lentic,seasonal,West Union.WU02,TRUE
